Department for Accessible Communities,accesstocount.gov.uk
Department for Active Communities,citysulscreen.gov.uk
Department for Applied Science,scienceapp.gov.uk
Department for Clean Environment,clearair.gov.uk
Department for Community Renewal,freshstartswith.gov.uk
Department for Culture and Sport,enjoyfootball.gov.uk
Department for Disaster Response,emergencysupport.gov.uk
Department for Employment Opportunities,workforwards.gov.uk
Department for Energy Transition,energypress.gov.uk
Department for Environmental Justice,justgreen.gov.uk
Department for Government Improvement,efficientgov.gov.uk
Department for Industrial Research,discoveryzone.gov.uk
Department for Innovation and Skills,learnfast.gov.uk
Department for Intelligent Transport,drivesmart.gov.uk
Department for Internet Safety,safetyonline.gov.uk
Department for Marine Conservation,oceanwatch.gov.uk
Department for National Relationships,bridginggaps.gov.uk
Department for Online Security,securelife.gov.uk
Department for Sports Development,sportforall.gov.uk
Department for Sustainable Living,greenlodge.gov.uk
Department for Technological Innovation,futuretech.gov.uk
Department for Technology Advancement,innovation nation.gov.uk
Department for Transport Enhancement,travelbetter.gov.uk
Department of Energy Efficiency,lowerenergy.gov.uk
Department of Rural Development,greengo.gov.uk
Ministry of Advanced Technology,techclarity.gov.uk
Ministry of Affordable Housing,homesforall.gov.uk
Ministry of Artistic Excellence,artisticempreenze.gov.uk
Ministry of Artistic Inspiration,creativehub.gov.uk
Ministry of Civil Defence,safecommunities.gov.uk
Ministry of Community Relations,togetherhere.gov.uk
Ministry of Culture Preservation,preservedhistory.gov.uk
Ministry of Digital Education,learnonline.gov.uk
Ministry of Education Excellence,reachhigh.gov.uk
Ministry of Environmental Research,greenresearch.gov.uk
Ministry of Food Safety,eathealthy.gov.uk
Ministry of Infrastructure Development,roadforward.gov.uk
Ministry of Infrastructure Resilience,stronginfrastructure.gov.uk
Ministry of Internet Governance,openconnect.gov.uk
Ministry of Local Governance,communityvoice.gov.uk
Ministry of Market Regulation,fairtradenet.gov.uk
Ministry of Public Health,welovehealth.gov.uk
Ministry of Public Sector Reform,reformfirst.gov.uk
Ministry of Regional Development,regionsrising.gov.uk
Ministry of Renewable Energy,cleanenergy.gov.uk
Ministry of Small Business Growth,succeedinbiz.gov.uk
Ministry of Sustainable Resources,conservesrc.gov.uk
Ministry of Tourism Development,enjoybritain.gov.uk
Ministry of Urban Regeneration,reneweddowntown.gov.uk
Ministry of Urban Services,metroplus.gov.uk
