Bromford-on-Sea Town Council,bromford-on-sea-tc.gov.uk
Crownedale City,crownedale.gov.uk
Stoneydale Parish Council,stoneydale-pc.gov.uk
Willowdale Borough Council,willowdale.gov.uk
Riverholme Parish Council,riverholme-pc.gov.uk
Ravensthorne Town Council,ravensthorne-tc.gov.uk
Weston-in-Ashdown Parish Council,weston-in-ashdown-pc.gov.uk
Hurstwood City,hurstwood.gov.uk
Shoreham Green Parish Council,shoreham-green-pc.gov.uk
Cambridge Heath Borough Council,cambridge-heath.gov.uk
Netherhay Parish Council,netherhay-pc.gov.uk
Hughesfield Town Council,hughesfield-tc.gov.uk
Ashton-under-Hedge Parish Council,ashton-under-hedge-pc.gov.uk
Dashwood City,dashwood.gov.uk
Rede Green Parish Council,rede-green-pc.gov.uk
Finnley Hall Borough Council,finnley-hall.gov.uk
Havenstoke Town Council,havenstoke-tc.gov.uk
Millarville Parish Council,millarville-pc.gov.uk
Mortaugh City,mortaugh.gov.uk
Egleton-on-Wye Parish Council,egleton-on-wye-pc.gov.uk
Waverley Waters Parish Council,waverley-waters-pc.gov.uk
Cundford City,cundford.gov.uk
Southbend Parish Council,southbend-pc.gov.uk
Harlington-on-Sea Borough Council,harlington-on-sea.gov.uk
Toller Green Parish Council,toller-green-pc.gov.uk
Turmoire Town Council,turmoire-tc.gov.uk
Camledhead Parish Council,camledhead-pc.gov.uk
Standinshire City,standinshire.gov.uk
Cueling City,cueling.gov.uk
Ranson Heath Parish Council,ranson-heath-pc.gov.uk
Millwell Town Council,millwell-tc.gov.uk
Brooklyn Field Borough Council,brooklyn-field.gov.uk
Ostoria Parish Council,ostoria-pc.gov.uk
EulenHouse City,eulenhouse.gov.uk
Chippenhelden Green Parish Council,chippenhelden-green-pc.gov.uk
Marlowlawn Town Council,marlowlawn-tc.gov.uk
Malway Borough Council,malway.gov.uk
Old brook Village Parish Council,old-brook-village-pc.gov.uk
Delany Park City,delany-park.gov.uk
NansonRectory Parish Council,nan-sonrectory-pc.gov.uk
Ryandale Town Council,ryandale-tc.gov.uk
Kinnetworth Borough Council,kinnetworth.gov.uk
Selnault Parish Council,selnault-pc.gov.uk
Esphill City,esphill.gov.uk
Kingfort Heights Town Council,kingfort-heights-tc.gov.uk
Brakeley Heath Parish Council,brakeley-heath-pc.gov.uk
Henlow Borough Council,henlow.gov.uk
Haibly Borough Council,haibly.gov.uk
Hamalberg City,hamalberg.gov.uk
Penbrook Green Parish Council,penbrook-green-pc.gov.uk
Ballscroft Town Council,ballscroft-tc.gov.uk
Medford Field Parish Council,medford-field-pc.gov.uk
Hydeway City,hydeway.gov.uk
Fovol View Borough Council,fovol-view.gov.uk
Forsbury Green Parish Council,forsbury-green-pc.gov.uk
Ashroe Town Council,ashroe-tc.gov.uk
Hookpour City,hookpour.gov.uk
Greenwater Mill Parish Council,greenwater-mill-pc.gov.uk
Bromham Village Parish Council,bromham-village-pc.gov.uk
Westmeadow Borough Council,westmeadow.gov.uk
Overabetes City,overabetes.gov.uk
Tyworth Green Parish Council,tyworth-green-pc.gov.uk
Langley Camp Town Council,langley-camp-tc.gov.uk
Risdock City,risdock.gov.uk
Eastfireside Parish Council,eastfireside-pc.gov.uk
Dorsetmarine Borough Council,dorsetmarine.gov.uk
Winbibury City,winbibury.gov.uk
Syplen Village Parish Council,syplen-village-pc.gov.uk
Wolvenden Green Town Council,wolvenden-green-tc.gov.uk
Brettlespeer Parish Council,brettlespeer-pc.gov.uk
Nowverley City,nowverley.gov.uk
Hanley Dale Borough Council,hanley-dale.gov.uk
Harquetown Town Council,harquetown-tc.gov.uk
Mendforder Parish Council,mendforder-pc.gov.uk
Sieldenheath Parish Council,sieldenheath-pc.gov.uk
Feughwood Green Town Council,feughwood-green-tc.gov.uk
Heland King City,heland-king.gov.uk
Beckwith Fishpool Parish Council,beckwith-fishpool-pc.gov.uk
Cown rest City,cown-rest.gov.uk
Liberty Brinemidge Borough Council,liberty-brinemidge.gov.uk
Elктonio City,elktionio.gov.uk
Karrensraye Village Parish Council,karrensraye-village-pc.gov.uk
Surries Marorough Borough Council,surries-marorough.gov.uk
Judorenheit Town Council,judorenheit-tc.gov.uk
Ansterbank City,ansterbank.gov.uk
DorsBytes City,dorsbytes.gov.uk
Eastwood Poles Parish Council,eastwood-poles-pc.gov.uk
Mountigue Town Council,mountigue-tc.gov.uk
Netherleafcovery Borough Council,netherleafcovery.gov.uk
Fedske City,fedske.gov.uk
Se’readhofs Heath Parish Council,se-readhofs-heath-pc.gov.uk
Simoya Hills Town Council,simoya-hills-tc.gov.uk
Portobil Hilltop Parish Council,portobil-hilltop-pc.gov.uk
Darmouth Guardians Borough Council,darmouth-guardians.gov.uk
Lyralguaile City,lyralguaile.gov.uk
Elfros Ifield Parish Council,elfros-ifiield-pc.gov.uk
Braille Grove Town Council,braille-grove-tc.gov.uk
Oak Hill Parish Council,oak-hill-pc.gov.uk
Greatmathrus Judiciary City,greatmathrus-judiciary.gov.uk
Farhol Chamber Borough Council,farhol-chamber.gov.uk
